0; 1348
1; 1348
2; 1353
3; 1362
4; 1382
5; 1391
6; 1395
7; 1397
8; 1404
9; 1408
10; 1408
11; 1408
12; 1410
13; 1424
14; 1424
15; 1427
16; 1436
17; 1436
18; 1436
19; 1436
20; 1441
21; 1443
22; 1443
23; 1446
24; 1448
25; 1449
26; 1449
27; 1449
28; 1450
29; 1457
30; 1459
31; 1463
32; 1463
33; 1463
34; 1468
35; 1470
36; 1471
37; 1474
38; 1476
39; 1476
40; 1479
41; 1486
42; 1486
43; 1488
44; 1491
45; 1491
46; 1491
47; 1495
48; 1507
49; 1507
50; 1508
51; 1520
52; 1521
53; 1521
54; 1521
55; 1521
56; 1525
57; 1525
58; 1525
59; 1525
60; 1525
61; 1525
62; 1525
63; 1525
64; 1525
65; 1525
66; 1525
67; 1525
68; 1525
69; 1525
70; 1525
71; 1525
72; 1525
73; 1525
74; 1528
75; 1529
76; 1529
77; 1529
78; 1529
79; 1529
80; 1529
81; 1529
82; 1531
83; 1538
84; 1541
85; 1544
86; 1544
87; 1544
88; 1544
89; 1544
90; 1545
91; 1548
92; 1548
93; 1548
94; 1555
95; 1555
96; 1560
97; 1563
98; 1563
99; 1564
100; 1565
101; 1565
102; 1565
103; 1565
104; 1565
105; 1565
106; 1565
107; 1565
108; 1565
109; 1565
110; 1565
111; 1565
112; 1565
113; 1565
114; 1565
115; 1565
116; 1566
117; 1566
118; 1566
119; 1566
120; 1566
121; 1566
122; 1566
123; 1566
124; 1566
125; 1566
126; 1566
127; 1566
128; 1566
129; 1567
130; 1567
131; 1567
132; 1567
133; 1567
134; 1570
135; 1573
136; 1577
137; 1577
138; 1579
139; 1579
140; 1579
141; 1579
142; 1579
143; 1579
144; 1579
145; 1579
146; 1579
147; 1579
148; 1579
149; 1579
150; 1579
151; 1579
152; 1579
153; 1579
154; 1579
155; 1579
156; 1579
157; 1582
158; 1584
159; 1585
160; 1585
161; 1585
162; 1586
163; 1586
164; 1586
165; 1586
166; 1586
167; 1586
168; 1586
169; 1586
170; 1586
171; 1586
172; 1586
173; 1586
174; 1587
175; 1588
176; 1588
177; 1588
178; 1588
179; 1588
180; 1588
181; 1588
182; 1588
183; 1588
184; 1588
185; 1588
186; 1588
187; 1588
188; 1588
189; 1588
190; 1588
191; 1588
192; 1588
193; 1588
194; 1588
195; 1588
196; 1588
197; 1588
198; 1588
199; 1588
200; 1589
201; 1592
202; 1592
203; 1592
204; 1592
205; 1594
206; 1594
207; 1594
208; 1597
209; 1599
210; 1600
211; 1600
212; 1600
213; 1600
214; 1600
215; 1600
216; 1600
217; 1600
218; 1600
219; 1600
220; 1600
221; 1600
222; 1600
223; 1602
224; 1603
225; 1603
226; 1603
227; 1603
228; 1603
229; 1603
230; 1603
231; 1603
232; 1603
233; 1603
234; 1603
235; 1603
236; 1603
237; 1603
238; 1603
239; 1603
240; 1603
241; 1603
242; 1603
243; 1604
244; 1607
245; 1611
246; 1612
247; 1612
248; 1612
249; 1612
250; 1612
251; 1612
252; 1612
253; 1612
254; 1612
255; 1612
256; 1612
257; 1612
258; 1612
259; 1612
260; 1612
261; 1612
262; 1612
263; 1612
264; 1612
265; 1612
266; 1612
267; 1612
268; 1612
269; 1612
270; 1612
271; 1612
272; 1612
273; 1612
274; 1612
275; 1612
276; 1612
277; 1612
278; 1612
279; 1612
280; 1612
281; 1612
282; 1612
283; 1613
284; 1613
285; 1613
286; 1613
287; 1613
288; 1613
289; 1613
290; 1613
291; 1613
292; 1613
293; 1613
294; 1613
295; 1613
296; 1613
297; 1613
298; 1613
299; 1613
300; 1613
301; 1613
302; 1616
303; 1616
304; 1616
305; 1616
306; 1616
307; 1616
308; 1616
309; 1616
310; 1616
311; 1616
312; 1616
313; 1616
314; 1616
315; 1616
316; 1617
317; 1618
318; 1618
319; 1618
320; 1618
321; 1618
322; 1618
323; 1618
324; 1618
325; 1618
326; 1618
327; 1618
328; 1618
329; 1618
330; 1618
331; 1618
332; 1618
333; 1618
334; 1618
335; 1618
336; 1618
337; 1618
338; 1618
339; 1618
340; 1618
341; 1618
342; 1618
343; 1618
344; 1618
345; 1618
346; 1618
347; 1618
348; 1618
349; 1618
350; 1618
351; 1618
352; 1618
353; 1619
354; 1625
355; 1625
356; 1625
357; 1625
358; 1625
359; 1625
360; 1625
361; 1625
362; 1625
363; 1625
364; 1625
365; 1625
366; 1625
367; 1625
368; 1625
369; 1625
370; 1625
371; 1625
372; 1625
373; 1625
374; 1625
375; 1625
376; 1625
377; 1625
378; 1625
379; 1625
380; 1625
381; 1625
382; 1627
383; 1630
384; 1632
385; 1632
386; 1632
387; 1632
388; 1632
389; 1632
390; 1632
391; 1632
392; 1632
393; 1632
394; 1632
395; 1632
396; 1632
397; 1632
398; 1632
399; 1632
400; 1632
401; 1632
402; 1632
403; 1632
404; 1632
405; 1632
406; 1632
407; 1632
408; 1632
409; 1632
410; 1632
411; 1632
412; 1632
413; 1633
414; 1633
415; 1633
416; 1633
417; 1633
418; 1633
419; 1633
420; 1633
421; 1633
422; 1633
423; 1633
424; 1633
425; 1633
426; 1633
427; 1633
428; 1633
429; 1633
430; 1633
431; 1633
432; 1633
433; 1633
434; 1633
435; 1633
436; 1633
437; 1633
438; 1633
439; 1634
440; 1636
441; 1636
442; 1636
443; 1636
444; 1636
445; 1636
446; 1636
447; 1636
448; 1636
449; 1636
450; 1636
451; 1636
452; 1636
453; 1636
454; 1636
455; 1636
456; 1636
457; 1636
458; 1636
459; 1636
460; 1636
461; 1636
462; 1636
463; 1636
464; 1636
465; 1636
466; 1636
467; 1636
468; 1637
469; 1637
470; 1637
471; 1637
472; 1637
473; 1637
474; 1637
475; 1637
476; 1637
477; 1637
478; 1637
479; 1637
480; 1637
481; 1637
482; 1637
483; 1637
484; 1637
485; 1637
486; 1637
487; 1637
488; 1637
489; 1637
490; 1637
491; 1637
492; 1637
493; 1637
494; 1637
495; 1637
496; 1637
497; 1637
498; 1637
499; 1639
500; 1639
501; 1640
502; 1640
503; 1640
504; 1640
505; 1640
506; 1640
507; 1640
508; 1640
509; 1640
510; 1640
511; 1640
512; 1640
513; 1642
514; 1645
515; 1646
516; 1649
517; 1649
518; 1649
519; 1649
520; 1649
521; 1649
522; 1649
523; 1649
524; 1649
525; 1649
526; 1649
527; 1649
528; 1649
529; 1649
530; 1649
531; 1650
532; 1650
533; 1653
534; 1655
535; 1655
536; 1655
537; 1655
538; 1655
539; 1655
540; 1655
541; 1655
542; 1655
543; 1655
544; 1655
545; 1655
546; 1655
547; 1655
548; 1655
549; 1655
550; 1655
551; 1655
552; 1655
553; 1655
554; 1655
555; 1655
556; 1655
557; 1655
558; 1655
559; 1655
560; 1655
561; 1655
562; 1655
563; 1655
564; 1655
565; 1656
566; 1656
567; 1656
568; 1656
569; 1656
570; 1656
571; 1656
572; 1656
573; 1656
574; 1656
575; 1656
576; 1656
577; 1656
578; 1656
579; 1656
580; 1656
581; 1656
582; 1657
583; 1659
584; 1659
585; 1659
586; 1659
587; 1659
588; 1659
589; 1659
590; 1659
591; 1659
592; 1659
593; 1662
594; 1664
595; 1665
596; 1665
597; 1665
598; 1665
599; 1665
600; 1665
601; 1665
602; 1665
603; 1665
604; 1665
605; 1665
606; 1667
607; 1670
608; 1670
609; 1671
610; 1671
611; 1671
612; 1671
613; 1671
614; 1671
615; 1671
616; 1671
617; 1671
618; 1671
619; 1671
620; 1671
621; 1671
622; 1671
623; 1671
624; 1671
625; 1672
626; 1672
627; 1672
628; 1672
629; 1672
630; 1672
631; 1672
632; 1672
633; 1672
634; 1672
635; 1672
636; 1672
637; 1672
638; 1672
639; 1672
640; 1672
641; 1672
642; 1672
643; 1672
644; 1672
645; 1672
646; 1672
647; 1672
648; 1672
649; 1672
650; 1672
651; 1672
652; 1672
653; 1672
654; 1672
655; 1672
656; 1672
657; 1672
658; 1672
659; 1672
660; 1672
661; 1675
662; 1675
663; 1675
664; 1676
665; 1676
666; 1676
667; 1676
668; 1676
669; 1676
670; 1676
671; 1676
672; 1676
673; 1676
674; 1676
675; 1676
676; 1677
677; 1678
678; 1678
679; 1678
680; 1678
681; 1678
682; 1678
683; 1678
684; 1678
685; 1678
686; 1678
687; 1680
688; 1680
689; 1680
690; 1680
691; 1680
692; 1680
693; 1680
694; 1680
695; 1680
696; 1680
697; 1680
698; 1680
699; 1680
700; 1680
701; 1680
702; 1680
703; 1680
704; 1680
705; 1680
706; 1680
707; 1680
708; 1680
709; 1680
710; 1680
711; 1680
712; 1680
713; 1680
714; 1680
715; 1680
716; 1680
717; 1680
718; 1680
719; 1680
720; 1680
721; 1680
722; 1680
723; 1680
724; 1680
725; 1680
726; 1681
727; 1684
728; 1684
729; 1684
730; 1684
731; 1684
732; 1684
733; 1684
734; 1684
735; 1684
736; 1684
737; 1684
738; 1684
739; 1684
740; 1684
741; 1684
742; 1684
743; 1684
744; 1684
745; 1684
746; 1684
747; 1684
748; 1684
749; 1684
750; 1684
751; 1687
752; 1687
753; 1687
754; 1687
755; 1687
756; 1687
757; 1687
758; 1687
759; 1687
760; 1687
761; 1687
762; 1687
763; 1687
764; 1687
765; 1687
766; 1687
767; 1687
768; 1687
769; 1687
770; 1687
771; 1687
772; 1687
773; 1687
774; 1687
775; 1687
776; 1687
777; 1687
778; 1687
779; 1687
780; 1687
781; 1687
782; 1687
783; 1687
784; 1687
785; 1687
786; 1687
787; 1687
788; 1687
789; 1687
790; 1687
791; 1687
792; 1687
793; 1687
794; 1687
795; 1687
796; 1687
797; 1687
798; 1687
799; 1687
800; 1687
801; 1687
802; 1687
803; 1687
804; 1687
805; 1687
806; 1687
807; 1687
808; 1687
809; 1687
810; 1687
811; 1687
812; 1687
813; 1687
814; 1687
815; 1687
816; 1687
817; 1687
818; 1687
819; 1687
820; 1687
821; 1687
822; 1687
823; 1687
824; 1687
825; 1687
826; 1687
827; 1687
828; 1687
829; 1687
830; 1687
831; 1687
832; 1687
833; 1687
834; 1687
835; 1687
836; 1687
837; 1687
838; 1687
839; 1687
840; 1687
841; 1687
842; 1687
843; 1687
844; 1687
845; 1687
846; 1687
847; 1687
848; 1687
849; 1687
850; 1687
851; 1687
852; 1687
853; 1687
854; 1687
855; 1687
856; 1687
857; 1687
858; 1687
859; 1687
860; 1687
861; 1687
862; 1687
863; 1687
864; 1687
865; 1687
866; 1687
867; 1687
868; 1687
869; 1687
870; 1688
871; 1688
872; 1688
873; 1688
874; 1688
875; 1688
876; 1689
877; 1689
878; 1689
879; 1689
880; 1689
881; 1689
882; 1689
883; 1689
884; 1689
885; 1689
886; 1689
887; 1689
888; 1689
889; 1689
890; 1689
891; 1689
892; 1689
893; 1689
894; 1689
895; 1689
896; 1689
897; 1689
898; 1689
899; 1689
900; 1689
901; 1689
902; 1689
903; 1689
904; 1689
905; 1690
906; 1692
907; 1693
908; 1693
909; 1693
910; 1693
911; 1693
912; 1693
913; 1693
914; 1693
915; 1693
916; 1693
917; 1693
918; 1693
919; 1693
920; 1693
921; 1693
922; 1693
923; 1693
924; 1693
925; 1693
926; 1693
927; 1693
928; 1693
929; 1693
930; 1693
931; 1693
932; 1693
933; 1693
934; 1693
935; 1693
936; 1693
937; 1693
938; 1693
939; 1693
940; 1693
941; 1693
942; 1693
943; 1693
944; 1693
945; 1693
946; 1693
947; 1693
948; 1694
949; 1695
950; 1695
951; 1695
952; 1695
953; 1695
954; 1695
955; 1695
956; 1695
957; 1695
958; 1695
959; 1695
960; 1695
961; 1695
962; 1695
963; 1695
964; 1695
965; 1695
966; 1696
967; 1696
968; 1696
969; 1696
970; 1696
971; 1696
972; 1696
973; 1696
974; 1696
975; 1696
976; 1696
977; 1696
978; 1696
979; 1696
980; 1696
981; 1696
982; 1696
983; 1696
984; 1696
985; 1696
986; 1696
987; 1696
988; 1696
989; 1696
990; 1696
991; 1696
992; 1696
993; 1696
994; 1696
995; 1696
996; 1696
997; 1696
998; 1697
999; 1697
1000; 1697
1001; 1697
1002; 1697
1003; 1697
1004; 1697
1005; 1697
1006; 1698
1007; 1698
1008; 1698
1009; 1698
1010; 1698
1011; 1698
1012; 1698
1013; 1698
1014; 1698
1015; 1698
1016; 1698
1017; 1698
1018; 1698
1019; 1698
1020; 1698
1021; 1698
1022; 1698
1023; 1698
1024; 1698
1025; 1698
1026; 1698
1027; 1698
1028; 1698
1029; 1698
1030; 1698
1031; 1698
1032; 1698
1033; 1698
1034; 1698
1035; 1698
1036; 1698
1037; 1698
1038; 1698
1039; 1698
1040; 1698
1041; 1698
1042; 1698
1043; 1698
1044; 1698
1045; 1698
1046; 1698
1047; 1698
1048; 1698
1049; 1698
1050; 1698
1051; 1699
1052; 1701
1053; 1703
1054; 1704
1055; 1704
1056; 1704
1057; 1704
1058; 1704
1059; 1704
1060; 1704
1061; 1704
1062; 1704
1063; 1704
1064; 1705
1065; 1705
1066; 1705
1067; 1705
1068; 1705
1069; 1705
1070; 1705
1071; 1705
1072; 1705
1073; 1705
1074; 1705
1075; 1705
1076; 1705
1077; 1705
1078; 1705
1079; 1705
1080; 1705
1081; 1705
1082; 1705
1083; 1705
1084; 1705
1085; 1705
1086; 1705
1087; 1705
1088; 1705
1089; 1705
1090; 1705
1091; 1705
1092; 1705
1093; 1705
1094; 1705
1095; 1705
1096; 1707
1097; 1708
1098; 1708
1099; 1708
1100; 1708
1101; 1708
1102; 1708
1103; 1708
1104; 1708
1105; 1708
1106; 1708
1107; 1708
1108; 1708
1109; 1708
1110; 1708
1111; 1708
1112; 1708
1113; 1708
1114; 1708
1115; 1708
1116; 1708
1117; 1708
1118; 1708
1119; 1708
1120; 1708
1121; 1708
1122; 1708
1123; 1708
1124; 1708
1125; 1708
1126; 1708
1127; 1708
1128; 1708
1129; 1708
1130; 1708
1131; 1708
1132; 1708
1133; 1708
1134; 1708
1135; 1708
1136; 1708
1137; 1708
1138; 1708
1139; 1708
1140; 1708
1141; 1708
1142; 1708
1143; 1708
1144; 1708
1145; 1709
1146; 1709
1147; 1709
1148; 1709
1149; 1709
1150; 1709
1151; 1709
1152; 1709
1153; 1709
1154; 1709
1155; 1709
1156; 1709
1157; 1709
1158; 1709
1159; 1709
1160; 1709
1161; 1709
1162; 1709
1163; 1709
1164; 1709
1165; 1709
1166; 1709
1167; 1709
1168; 1709
1169; 1709
1170; 1709
1171; 1709
1172; 1709
1173; 1709
1174; 1709
1175; 1709
1176; 1709
1177; 1709
1178; 1709
1179; 1709
1180; 1709
1181; 1709
1182; 1709
1183; 1709
1184; 1709
1185; 1709
1186; 1712
1187; 1712
1188; 1712
1189; 1712
1190; 1712
1191; 1712
1192; 1712
1193; 1712
1194; 1712
1195; 1712
1196; 1712
1197; 1712
1198; 1712
1199; 1712
1200; 1713
1201; 1713
1202; 1713
1203; 1713
1204; 1713
1205; 1713
1206; 1713
1207; 1713
1208; 1713
1209; 1713
1210; 1713
1211; 1713
1212; 1713
1213; 1713
1214; 1713
1215; 1713
1216; 1713
1217; 1713
1218; 1713
1219; 1713
1220; 1713
1221; 1713
1222; 1713
1223; 1713
1224; 1713
1225; 1713
1226; 1713
1227; 1713
1228; 1713
1229; 1713
1230; 1713
1231; 1713
1232; 1713
1233; 1713
1234; 1713
1235; 1713
1236; 1713
1237; 1713
1238; 1713
1239; 1713
1240; 1714
1241; 1714
1242; 1714
1243; 1714
1244; 1714
1245; 1714
1246; 1714
1247; 1714
1248; 1714
1249; 1714
1250; 1714
1251; 1714
1252; 1714
1253; 1714
1254; 1714
1255; 1714
1256; 1714
1257; 1714
1258; 1714
1259; 1714
1260; 1714
1261; 1714
1262; 1714
1263; 1714
1264; 1714
1265; 1714
1266; 1714
1267; 1714
1268; 1714
1269; 1714
1270; 1714
1271; 1714
1272; 1714
1273; 1714
1274; 1714
1275; 1714
1276; 1714
1277; 1714
1278; 1714
1279; 1714
1280; 1714
1281; 1714
1282; 1714
1283; 1714
1284; 1714
1285; 1714
1286; 1714
1287; 1714
1288; 1714
1289; 1714
1290; 1714
1291; 1714
1292; 1714
1293; 1714
1294; 1714
1295; 1714
1296; 1714
1297; 1715
1298; 1717
1299; 1717
1300; 1717
1301; 1717
1302; 1717
1303; 1717
1304; 1717
1305; 1717
1306; 1717
1307; 1717
1308; 1719
1309; 1719
1310; 1719
1311; 1719
1312; 1719
1313; 1719
1314; 1719
1315; 1719
1316; 1719
1317; 1719
1318; 1719
1319; 1719
1320; 1719
1321; 1719
1322; 1719
1323; 1719
1324; 1719
1325; 1719
1326; 1719
1327; 1719
1328; 1719
1329; 1719
1330; 1719
1331; 1719
1332; 1719
1333; 1719
1334; 1719
1335; 1719
1336; 1719
1337; 1719
1338; 1719
1339; 1719
1340; 1719
1341; 1719
1342; 1719
1343; 1719
1344; 1719
1345; 1719
1346; 1719
1347; 1719
1348; 1719
1349; 1719
1350; 1719
1351; 1719
1352; 1719
1353; 1719
1354; 1719
1355; 1719
1356; 1719
1357; 1719
1358; 1719
1359; 1719
1360; 1719
1361; 1719
1362; 1719
1363; 1719
1364; 1719
1365; 1719
1366; 1719
1367; 1719
1368; 1719
1369; 1719
1370; 1719
1371; 1719
1372; 1719
1373; 1719
1374; 1719
1375; 1719
1376; 1719
1377; 1719
1378; 1719
1379; 1719
1380; 1719
1381; 1719
1382; 1719
1383; 1719
1384; 1719
1385; 1719
1386; 1719
1387; 1719
1388; 1719
1389; 1719
1390; 1719
1391; 1719
1392; 1719
1393; 1719
1394; 1719
1395; 1723
1396; 1723
1397; 1723
1398; 1723
1399; 1723
1400; 1723
1401; 1723
1402; 1723
1403; 1723
1404; 1723
1405; 1723
1406; 1723
1407; 1723
1408; 1723
1409; 1723
1410; 1723
1411; 1723
1412; 1723
1413; 1723
1414; 1723
1415; 1723
1416; 1723
1417; 1723
1418; 1723
1419; 1723
1420; 1723
1421; 1723
1422; 1723
1423; 1723
1424; 1723
1425; 1723
1426; 1723
1427; 1723
1428; 1723
1429; 1723
1430; 1723
1431; 1723
1432; 1723
1433; 1723
1434; 1723
1435; 1723
1436; 1723
1437; 1724
1438; 1724
1439; 1724
1440; 1724
1441; 1724
1442; 1724
1443; 1724
1444; 1724
1445; 1724
1446; 1724
1447; 1724
1448; 1724
1449; 1724
1450; 1724
1451; 1724
1452; 1724
1453; 1724
1454; 1724
1455; 1724
1456; 1724
1457; 1724
1458; 1724
1459; 1724
1460; 1724
1461; 1724
1462; 1724
1463; 1724
1464; 1724
1465; 1724
1466; 1724
1467; 1724
1468; 1724
1469; 1724
1470; 1724
1471; 1724
1472; 1724
1473; 1724
1474; 1724
1475; 1724
1476; 1724
1477; 1724
1478; 1724
1479; 1724
1480; 1724
1481; 1724
1482; 1724
1483; 1724
1484; 1724
1485; 1724
1486; 1724
1487; 1724
1488; 1724
1489; 1724
1490; 1724
1491; 1724
1492; 1724
1493; 1724
1494; 1724
1495; 1724
1496; 1724
1497; 1724
1498; 1724
1499; 1724
1500; 1724
1501; 1724
1502; 1724
1503; 1724
1504; 1724
1505; 1724
1506; 1724
1507; 1724
1508; 1724
1509; 1724
1510; 1724
1511; 1724
1512; 1724
1513; 1724
1514; 1724
1515; 1724
1516; 1724
1517; 1724
1518; 1724
1519; 1724
1520; 1724
1521; 1724
1522; 1724
1523; 1724
1524; 1724
1525; 1724
1526; 1724
1527; 1724
1528; 1724
1529; 1724
1530; 1724
1531; 1724
1532; 1724
1533; 1724
1534; 1724
1535; 1724
1536; 1724
1537; 1724
1538; 1724
1539; 1724
1540; 1724
1541; 1724
1542; 1724
1543; 1724
1544; 1724
1545; 1724
1546; 1724
1547; 1724
1548; 1724
1549; 1724
1550; 1724
1551; 1724
1552; 1724
1553; 1724
1554; 1724
1555; 1724
1556; 1724
1557; 1724
1558; 1724
1559; 1724
1560; 1724
1561; 1724
1562; 1724
1563; 1724
1564; 1724
1565; 1724
1566; 1724
1567; 1724
1568; 1724
1569; 1724
1570; 1724
1571; 1724
1572; 1724
1573; 1724
1574; 1724
1575; 1724
1576; 1724
1577; 1724
1578; 1724
1579; 1724
1580; 1724
1581; 1724
1582; 1724
1583; 1724
1584; 1724
1585; 1724
1586; 1724
1587; 1724
1588; 1724
1589; 1724
1590; 1724
1591; 1724
1592; 1724
1593; 1724
1594; 1724
1595; 1724
1596; 1724
1597; 1724
1598; 1724
1599; 1724
1600; 1725
1601; 1725
1602; 1725
1603; 1725
1604; 1725
1605; 1725
1606; 1725
1607; 1725
1608; 1725
1609; 1725
1610; 1725
1611; 1725
1612; 1725
1613; 1725
1614; 1725
1615; 1725
1616; 1725
1617; 1725
1618; 1725
1619; 1725
1620; 1725
1621; 1725
1622; 1725
1623; 1725
1624; 1725
1625; 1725
1626; 1725
1627; 1725
1628; 1725
1629; 1725
1630; 1725
1631; 1725
1632; 1725
1633; 1725
1634; 1725
1635; 1725
1636; 1725
1637; 1725
1638; 1725
1639; 1725
1640; 1725
1641; 1725
1642; 1725
1643; 1725
1644; 1725
1645; 1725
1646; 1725
1647; 1725
1648; 1725
1649; 1725
1650; 1725
1651; 1725
1652; 1725
1653; 1725
1654; 1725
1655; 1725
1656; 1725
1657; 1725
1658; 1725
1659; 1725
1660; 1725
1661; 1725
1662; 1725
1663; 1725
1664; 1725
1665; 1725
1666; 1725
1667; 1725
1668; 1725
1669; 1725
1670; 1725
1671; 1725
1672; 1725
1673; 1725
1674; 1725
1675; 1725
1676; 1725
1677; 1725
1678; 1725
1679; 1725
1680; 1725
1681; 1725
1682; 1725
1683; 1725
1684; 1725
1685; 1725
1686; 1725
1687; 1725
1688; 1725
1689; 1725
1690; 1725
1691; 1725
1692; 1725
1693; 1725
1694; 1725
1695; 1725
1696; 1725
1697; 1725
1698; 1725
1699; 1725
1700; 1725
1701; 1725
1702; 1725
1703; 1725
1704; 1725
1705; 1725
1706; 1725
1707; 1725
1708; 1725
1709; 1725
1710; 1725
1711; 1725
1712; 1725
1713; 1725
1714; 1725
1715; 1725
1716; 1725
1717; 1725
1718; 1725
1719; 1725
1720; 1725
1721; 1725
1722; 1725
1723; 1725
1724; 1725
1725; 1725
1726; 1725
1727; 1725
1728; 1725
1729; 1725
1730; 1725
1731; 1725
1732; 1725
1733; 1725
1734; 1725
1735; 1725
1736; 1725
1737; 1725
1738; 1725
1739; 1725
1740; 1725
1741; 1725
1742; 1725
1743; 1725
1744; 1725
1745; 1725
1746; 1725
1747; 1725
1748; 1725
1749; 1725
1750; 1725
1751; 1725
1752; 1726
1753; 1726
1754; 1726
1755; 1726
1756; 1726
1757; 1726
1758; 1726
1759; 1726
1760; 1726
1761; 1726
1762; 1726
1763; 1726
1764; 1726
1765; 1726
1766; 1726
1767; 1726
1768; 1726
1769; 1726
1770; 1726
1771; 1726
1772; 1726
1773; 1726
1774; 1726
1775; 1726
1776; 1726
1777; 1726
1778; 1726
1779; 1726
1780; 1726
1781; 1726
1782; 1726
1783; 1728
1784; 1728
1785; 1728
1786; 1728
1787; 1728
1788; 1728
1789; 1728
1790; 1728
1791; 1728
1792; 1728
1793; 1729
1794; 1729
1795; 1729
1796; 1729
1797; 1729
1798; 1729
1799; 1729
1800; 1729
1801; 1729
1802; 1729
1803; 1729
1804; 1729
1805; 1729
1806; 1729
1807; 1729
1808; 1729
1809; 1729
1810; 1729
1811; 1729
1812; 1729
1813; 1729
1814; 1729
1815; 1729
1816; 1729
1817; 1729
1818; 1729
1819; 1729
1820; 1729
1821; 1729
1822; 1729
1823; 1729
1824; 1729
1825; 1729
1826; 1729
1827; 1729
1828; 1729
1829; 1729
1830; 1729
1831; 1729
1832; 1729
1833; 1729
1834; 1729
1835; 1729
1836; 1729
1837; 1729
1838; 1729
1839; 1729
1840; 1729
1841; 1729
1842; 1729
1843; 1729
1844; 1729
1845; 1729
1846; 1729
1847; 1729
1848; 1729
1849; 1729
1850; 1729
1851; 1729
1852; 1729
1853; 1729
1854; 1729
1855; 1729
1856; 1729
1857; 1729
1858; 1729
1859; 1729
1860; 1729
1861; 1729
1862; 1729
1863; 1729
1864; 1729
1865; 1729
1866; 1729
1867; 1729
1868; 1729
1869; 1729
1870; 1729
1871; 1729
1872; 1729
1873; 1729
1874; 1729
1875; 1729
1876; 1729
1877; 1729
1878; 1729
1879; 1729
1880; 1729
1881; 1729
1882; 1729
1883; 1729
1884; 1729
1885; 1729
1886; 1729
1887; 1729
1888; 1729
1889; 1729
1890; 1729
1891; 1729
1892; 1729
1893; 1729
1894; 1729
1895; 1729
1896; 1729
1897; 1729
1898; 1729
1899; 1729
1900; 1729
1901; 1729
1902; 1729
1903; 1729
1904; 1729
1905; 1729
1906; 1729
1907; 1729
1908; 1729
1909; 1729
1910; 1729
1911; 1729
1912; 1730
1913; 1730
1914; 1730
1915; 1730
1916; 1730
1917; 1730
1918; 1730
1919; 1730
1920; 1730
1921; 1730
1922; 1730
1923; 1730
1924; 1730
1925; 1730
1926; 1730
1927; 1730
1928; 1730
1929; 1730
1930; 1730
1931; 1730
1932; 1730
1933; 1730
1934; 1730
1935; 1730
1936; 1730
1937; 1730
1938; 1730
1939; 1730
1940; 1730
1941; 1730
1942; 1730
1943; 1730
1944; 1730
1945; 1730
1946; 1730
1947; 1730
1948; 1730
1949; 1730
1950; 1730
1951; 1730
1952; 1730
1953; 1730
1954; 1730
1955; 1730
1956; 1730
1957; 1730
1958; 1730
1959; 1730
1960; 1730
1961; 1730
1962; 1730
1963; 1730
1964; 1730
1965; 1730
1966; 1730
1967; 1731
1968; 1732
1969; 1732
1970; 1732
1971; 1732
1972; 1732
1973; 1732
1974; 1732
1975; 1732
1976; 1732
1977; 1732
1978; 1732
1979; 1732
1980; 1732
1981; 1732
1982; 1732
1983; 1732
1984; 1732
1985; 1732
1986; 1732
1987; 1732
1988; 1732
1989; 1732
1990; 1732
1991; 1732
1992; 1732
1993; 1732
1994; 1732
1995; 1732
1996; 1732
1997; 1732
1998; 1732
1999; 1732
2000; 1732
2001; 1732
2002; 1732
2003; 1732
2004; 1732
2005; 1732
2006; 1732
2007; 1732
2008; 1732
2009; 1732
2010; 1732
2011; 1732
2012; 1732
2013; 1732
2014; 1732
2015; 1732
2016; 1732
2017; 1732
2018; 1732
2019; 1732
2020; 1732
2021; 1732
2022; 1732
2023; 1732
2024; 1732
2025; 1732
2026; 1732
2027; 1732
2028; 1732
2029; 1732
2030; 1732
2031; 1732
2032; 1732
2033; 1732
2034; 1732
2035; 1732
2036; 1732
2037; 1732
2038; 1732
2039; 1732
2040; 1732
2041; 1732
2042; 1732
2043; 1732
2044; 1732
2045; 1732
2046; 1732
2047; 1732
2048; 1732
2049; 1732
2050; 1732
2051; 1732
2052; 1732
2053; 1732
2054; 1732
2055; 1732
2056; 1732
2057; 1732
2058; 1732
2059; 1732
2060; 1732
2061; 1732
2062; 1732
2063; 1732
2064; 1732
2065; 1732
2066; 1734
2067; 1734
2068; 1734
2069; 1734
2070; 1734
2071; 1734
2072; 1734
2073; 1734
2074; 1734
2075; 1734
2076; 1734
2077; 1734
2078; 1734
2079; 1734
2080; 1734
2081; 1734
2082; 1734
2083; 1734
2084; 1734
2085; 1734
2086; 1734
2087; 1734
2088; 1734
2089; 1734
2090; 1734
2091; 1734
2092; 1734
2093; 1734
2094; 1734
2095; 1735
2096; 1735
2097; 1735
2098; 1735
2099; 1735
2100; 1735
2101; 1735
2102; 1735
2103; 1735
2104; 1735
2105; 1735
2106; 1735
2107; 1735
2108; 1735
2109; 1735
2110; 1735
2111; 1735
2112; 1735
2113; 1735
2114; 1735
2115; 1735
2116; 1735
2117; 1735
2118; 1735
2119; 1735
2120; 1735
2121; 1735
2122; 1735
2123; 1735
2124; 1735
2125; 1735
2126; 1735
2127; 1735
2128; 1735
2129; 1735
2130; 1735
2131; 1735
2132; 1735
2133; 1735
2134; 1735
2135; 1735
2136; 1735
2137; 1735
2138; 1735
2139; 1735
2140; 1735
2141; 1735
2142; 1735
2143; 1735
2144; 1735
2145; 1735
2146; 1735
2147; 1735
2148; 1735
2149; 1735
2150; 1735
2151; 1735
2152; 1735
2153; 1735
2154; 1735
2155; 1735
2156; 1735
2157; 1735
2158; 1736
2159; 1737
2160; 1737
2161; 1737
2162; 1737
2163; 1737
2164; 1737
2165; 1737
2166; 1737
2167; 1737
2168; 1737
2169; 1737
2170; 1737
2171; 1737
2172; 1737
2173; 1737
2174; 1737
2175; 1737
2176; 1737
2177; 1737
2178; 1737
2179; 1737
2180; 1737
2181; 1737
2182; 1737
2183; 1737
2184; 1737
2185; 1737
2186; 1737
2187; 1737
2188; 1737
2189; 1737
2190; 1737
2191; 1737
2192; 1737
2193; 1737
2194; 1737
2195; 1737
2196; 1737
2197; 1737
2198; 1737
2199; 1737
2200; 1737
2201; 1737
2202; 1737
2203; 1737
2204; 1737
2205; 1737
2206; 1737
2207; 1737
2208; 1737
2209; 1737
2210; 1737
2211; 1737
2212; 1737
2213; 1737
2214; 1737
2215; 1737
2216; 1737
2217; 1737
2218; 1737
2219; 1737
2220; 1737
2221; 1737
2222; 1737
2223; 1737
2224; 1737
2225; 1737
2226; 1737
2227; 1737
2228; 1737
2229; 1737
2230; 1737
2231; 1737
2232; 1737
2233; 1737
2234; 1737
2235; 1737
2236; 1737
2237; 1737
2238; 1737
2239; 1737
2240; 1737
2241; 1737
2242; 1737
2243; 1737
2244; 1737
2245; 1737
2246; 1737
2247; 1737
2248; 1737
2249; 1737
2250; 1737
2251; 1737
2252; 1737
2253; 1737
2254; 1737
2255; 1737
2256; 1737
2257; 1737
2258; 1737
2259; 1737
2260; 1737
2261; 1737
2262; 1737
2263; 1737
2264; 1737
2265; 1737
2266; 1737
2267; 1737
2268; 1737
2269; 1737
2270; 1737
2271; 1737
2272; 1737
2273; 1737
2274; 1737
2275; 1737
2276; 1737
2277; 1737
2278; 1737
2279; 1737
2280; 1737
2281; 1737
2282; 1737
2283; 1737
2284; 1737
2285; 1737
2286; 1737
2287; 1737
2288; 1737
2289; 1737
2290; 1737
2291; 1737
2292; 1737
2293; 1737
2294; 1737
2295; 1737
2296; 1737
2297; 1737
2298; 1737
2299; 1737
2300; 1737
2301; 1737
2302; 1737
2303; 1737
2304; 1737
2305; 1737
2306; 1737
2307; 1737
2308; 1737
2309; 1737
2310; 1737
2311; 1737
2312; 1737
2313; 1737
2314; 1737
2315; 1737
2316; 1737
2317; 1737
2318; 1737
2319; 1737
2320; 1737
2321; 1737
2322; 1737
2323; 1737
2324; 1737
2325; 1737
2326; 1737
2327; 1737
2328; 1737
2329; 1737
2330; 1737
2331; 1737
2332; 1737
2333; 1737
2334; 1737
2335; 1737
2336; 1737
2337; 1737
2338; 1737
2339; 1737
2340; 1737
2341; 1737
2342; 1737
2343; 1737
2344; 1737
2345; 1737
2346; 1737
2347; 1737
2348; 1737
2349; 1737
2350; 1737
2351; 1737
2352; 1737
2353; 1737
2354; 1737
2355; 1737
2356; 1737
2357; 1737
2358; 1737
2359; 1737
2360; 1737
2361; 1737
2362; 1737
2363; 1737
2364; 1737
2365; 1737
2366; 1737
2367; 1737
2368; 1737
2369; 1737
2370; 1737
2371; 1737
2372; 1737
2373; 1737
2374; 1737
2375; 1739
2376; 1739
2377; 1739
2378; 1739
2379; 1739
2380; 1739
2381; 1739
2382; 1739
2383; 1739
2384; 1739
2385; 1739
2386; 1739
2387; 1739
2388; 1739
2389; 1739
2390; 1739
2391; 1739
2392; 1739
2393; 1739
2394; 1739
2395; 1739
2396; 1739
2397; 1739
2398; 1739
2399; 1739
2400; 1739
2401; 1739
2402; 1739
2403; 1739
2404; 1739
2405; 1739
2406; 1739
2407; 1739
2408; 1739
2409; 1739
2410; 1739
2411; 1739
2412; 1739
2413; 1739
2414; 1739
2415; 1739
2416; 1739
2417; 1739
2418; 1739
2419; 1739
2420; 1739
2421; 1739
2422; 1739
2423; 1739
2424; 1739
2425; 1739
2426; 1739
2427; 1739
2428; 1739
2429; 1739
2430; 1739
2431; 1739
2432; 1739
2433; 1739
2434; 1739
2435; 1739
2436; 1739
2437; 1739
2438; 1739
2439; 1739
2440; 1739
2441; 1739
2442; 1739
2443; 1739
2444; 1739
2445; 1739
2446; 1739
2447; 1739
2448; 1739
2449; 1739
2450; 1739
2451; 1739
2452; 1739
2453; 1739
2454; 1739
2455; 1739
2456; 1739
2457; 1739
2458; 1739
2459; 1739
2460; 1739
2461; 1739
2462; 1739
2463; 1739
2464; 1739
2465; 1739
2466; 1739
2467; 1739
2468; 1739
2469; 1739
2470; 1739
2471; 1739
2472; 1739
2473; 1739
2474; 1739
2475; 1739
2476; 1739
2477; 1739
2478; 1739
2479; 1739
2480; 1739
2481; 1739
2482; 1739
2483; 1739
2484; 1739
2485; 1739
2486; 1739
2487; 1739
2488; 1739
2489; 1739
2490; 1739
2491; 1739
2492; 1739
2493; 1739
2494; 1739
2495; 1739
2496; 1739
2497; 1739
2498; 1739
2499; 1739
2500; 1739
2501; 1739
2502; 1739
2503; 1739
2504; 1739
2505; 1739
2506; 1739
2507; 1739
2508; 1739
2509; 1739
2510; 1739
2511; 1739
2512; 1739
2513; 1739
2514; 1739
2515; 1739
2516; 1739
2517; 1739
2518; 1739
2519; 1739
2520; 1740
2521; 1740
2522; 1740
2523; 1740
2524; 1740
2525; 1740
2526; 1741
2527; 1742
2528; 1742
2529; 1742
2530; 1742
2531; 1742
2532; 1742
2533; 1742
2534; 1742
2535; 1742
2536; 1742
2537; 1742
2538; 1742
2539; 1742
2540; 1742
2541; 1742
2542; 1742
2543; 1742
2544; 1742
2545; 1742
2546; 1742
2547; 1742
2548; 1742
2549; 1742
2550; 1742
2551; 1742
2552; 1742
2553; 1742
2554; 1742
2555; 1742
2556; 1742
2557; 1742
2558; 1742
2559; 1742
2560; 1742
2561; 1742
2562; 1742
2563; 1742
2564; 1742
2565; 1742
2566; 1742
2567; 1742
2568; 1742
2569; 1742
2570; 1742
2571; 1742
2572; 1742
2573; 1742
2574; 1742
2575; 1742
2576; 1742
2577; 1743
2578; 1743
2579; 1743
2580; 1743
2581; 1743
2582; 1743
2583; 1743
2584; 1743
2585; 1743
2586; 1743
2587; 1743
2588; 1743
2589; 1743
2590; 1743
2591; 1743
2592; 1743
2593; 1743
2594; 1743
2595; 1743
2596; 1743
2597; 1743
2598; 1743
2599; 1743
2600; 1743
2601; 1743
2602; 1743
2603; 1743
2604; 1743
2605; 1743
2606; 1743
2607; 1743
2608; 1743
2609; 1743
2610; 1743
2611; 1743
2612; 1743
2613; 1743
2614; 1743
2615; 1743
2616; 1743
2617; 1743
2618; 1743
2619; 1743
2620; 1743
2621; 1743
2622; 1743
2623; 1743
2624; 1743
2625; 1743
2626; 1743
2627; 1743
2628; 1743
2629; 1743
2630; 1743
2631; 1743
2632; 1743
2633; 1743
2634; 1743
2635; 1743
2636; 1743
2637; 1743
2638; 1743
2639; 1743
2640; 1743
2641; 1743
2642; 1743
2643; 1743
2644; 1743
2645; 1743
2646; 1743
2647; 1743
2648; 1743
2649; 1743
2650; 1743
2651; 1743
2652; 1743
2653; 1743
2654; 1743
2655; 1744
2656; 1744
2657; 1744
2658; 1744
2659; 1744
2660; 1744
2661; 1744
2662; 1744
2663; 1744
2664; 1744
2665; 1744
2666; 1744
2667; 1744
2668; 1744
2669; 1744
2670; 1744
2671; 1744
2672; 1744
2673; 1744
2674; 1744
2675; 1744
2676; 1744
2677; 1744
2678; 1744
2679; 1744
2680; 1744
2681; 1744
2682; 1744
2683; 1744
2684; 1744
2685; 1744
2686; 1744
2687; 1744
2688; 1744
2689; 1745
2690; 1745
2691; 1745
2692; 1745
2693; 1745
2694; 1745
2695; 1745
2696; 1745
2697; 1745
2698; 1745
2699; 1745
2700; 1745
2701; 1745
2702; 1745
2703; 1745
2704; 1745
2705; 1745
2706; 1745
2707; 1745
2708; 1745
2709; 1745
2710; 1745
2711; 1745
2712; 1745
2713; 1745
2714; 1745
2715; 1745
2716; 1745
2717; 1745
2718; 1745
2719; 1745
2720; 1745
2721; 1745
2722; 1745
2723; 1745
2724; 1745
2725; 1745
2726; 1745
2727; 1745
2728; 1745
2729; 1745
2730; 1745
2731; 1745
2732; 1745
2733; 1745
2734; 1745
2735; 1745
2736; 1745
2737; 1745
2738; 1745
2739; 1745
2740; 1745
2741; 1745
2742; 1745
2743; 1745
2744; 1745
2745; 1745
2746; 1745
2747; 1745
2748; 1745
2749; 1745
2750; 1745
2751; 1745
2752; 1745
2753; 1745
2754; 1745
2755; 1745
2756; 1745
2757; 1745
2758; 1745
2759; 1745
2760; 1745
2761; 1745
2762; 1745
2763; 1745
2764; 1745
2765; 1745
2766; 1745
2767; 1745
2768; 1745
2769; 1745
2770; 1745
2771; 1745
2772; 1745
2773; 1745
2774; 1745
2775; 1745
2776; 1745
2777; 1745
2778; 1745
2779; 1745
2780; 1745
2781; 1745
2782; 1745
2783; 1745
2784; 1745
2785; 1745
2786; 1745
2787; 1745
2788; 1745
2789; 1745
2790; 1745
2791; 1745
2792; 1745
2793; 1745
2794; 1745
2795; 1745
2796; 1745
2797; 1745
2798; 1745
2799; 1745
2800; 1745
2801; 1745
2802; 1745
2803; 1745
2804; 1745
2805; 1745
2806; 1745
2807; 1745
2808; 1745
2809; 1745
2810; 1745
2811; 1746
2812; 1746
2813; 1746
2814; 1746
2815; 1746
2816; 1746
2817; 1746
2818; 1746
2819; 1746
2820; 1746
2821; 1746
2822; 1746
2823; 1746
2824; 1746
2825; 1746
2826; 1746
2827; 1746
2828; 1746
2829; 1746
2830; 1746
2831; 1746
2832; 1746
2833; 1746
2834; 1746
2835; 1746
2836; 1746
2837; 1746
2838; 1746
2839; 1746
2840; 1746
2841; 1746
2842; 1746
2843; 1746
2844; 1746
2845; 1746
2846; 1746
2847; 1746
2848; 1746
2849; 1746
2850; 1746
2851; 1746
2852; 1746
2853; 1746
2854; 1746
2855; 1746
2856; 1746
2857; 1746
2858; 1746
2859; 1746
2860; 1746
2861; 1746
2862; 1746
2863; 1746
2864; 1746
2865; 1746
2866; 1746
2867; 1746
2868; 1746
2869; 1746
2870; 1746
2871; 1746
2872; 1746
2873; 1746
2874; 1746
2875; 1746
2876; 1746
2877; 1746
2878; 1746
2879; 1746
2880; 1746
2881; 1746
2882; 1746
2883; 1746
2884; 1746
2885; 1746
2886; 1746
2887; 1746
2888; 1746
2889; 1746
2890; 1746
2891; 1746
2892; 1746
2893; 1746
2894; 1746
2895; 1746
2896; 1746
2897; 1746
2898; 1746
2899; 1746
2900; 1746
2901; 1746
2902; 1746
2903; 1746
2904; 1746
2905; 1746
2906; 1746
2907; 1746
2908; 1746
2909; 1746
2910; 1746
2911; 1746
2912; 1746
2913; 1746
2914; 1746
2915; 1746
2916; 1746
2917; 1746
2918; 1746
2919; 1746
2920; 1746
2921; 1746
2922; 1746
2923; 1746
2924; 1746
2925; 1746
2926; 1746
2927; 1746
2928; 1746
2929; 1746
2930; 1746
2931; 1746
2932; 1746
2933; 1746
2934; 1746
2935; 1746
2936; 1746
2937; 1746
2938; 1746
2939; 1746
2940; 1746
2941; 1746
2942; 1746
2943; 1746
2944; 1746
2945; 1746
2946; 1746
2947; 1746
2948; 1746
2949; 1746
2950; 1746
2951; 1746
2952; 1746
2953; 1746
2954; 1746
2955; 1746
2956; 1746
2957; 1746
2958; 1746
2959; 1746
2960; 1746
2961; 1746
2962; 1746
2963; 1746
2964; 1746
2965; 1746
2966; 1746
2967; 1746
2968; 1746
2969; 1746
2970; 1746
2971; 1746
2972; 1746
2973; 1746
2974; 1746
2975; 1746
2976; 1746
2977; 1746
2978; 1746
2979; 1746
2980; 1746
2981; 1746
2982; 1746
2983; 1746
2984; 1746
2985; 1746
2986; 1746
2987; 1746
2988; 1746
2989; 1746
2990; 1746
2991; 1746
2992; 1746
2993; 1746
2994; 1746
2995; 1746
2996; 1746
2997; 1746
2998; 1746
2999; 1746
3000; 1746
3001; 1746
3002; 1746
3003; 1746
3004; 1746
3005; 1746
3006; 1746
3007; 1746
3008; 1746
3009; 1746
3010; 1746
3011; 1746
3012; 1746
3013; 1746
3014; 1746
3015; 1746
3016; 1746
3017; 1746
3018; 1746
3019; 1746
3020; 1746
3021; 1746
3022; 1746
3023; 1746
3024; 1746
3025; 1746
3026; 1746
3027; 1746
3028; 1746
3029; 1746
3030; 1746
3031; 1746
3032; 1746
3033; 1746
3034; 1746
3035; 1746
3036; 1746
3037; 1746
3038; 1746
3039; 1746
3040; 1746
3041; 1746
3042; 1746
3043; 1746
3044; 1746
3045; 1746
3046; 1746
3047; 1746
3048; 1746
3049; 1746
3050; 1746
3051; 1746
3052; 1746
3053; 1746
3054; 1746
3055; 1746
3056; 1746
3057; 1746
3058; 1746
3059; 1746
3060; 1746
3061; 1746
3062; 1746
3063; 1746
3064; 1746
3065; 1746
3066; 1746
3067; 1746
3068; 1746
3069; 1746
3070; 1746
3071; 1746
3072; 1746
3073; 1746
3074; 1746
3075; 1746
3076; 1746
3077; 1746
3078; 1746
3079; 1746
3080; 1746
3081; 1746
3082; 1746
3083; 1746
3084; 1746
3085; 1746
3086; 1746
3087; 1746
3088; 1746
3089; 1746
3090; 1746
3091; 1746
3092; 1746
3093; 1746
3094; 1748
3095; 1748
3096; 1750
3097; 1750
3098; 1750
3099; 1750
3100; 1750
3101; 1750
3102; 1750
3103; 1750
3104; 1750
3105; 1750
3106; 1750
3107; 1750
3108; 1750
3109; 1750
3110; 1750
3111; 1750
3112; 1750
3113; 1750
3114; 1750
3115; 1750
3116; 1750
3117; 1750
3118; 1750
3119; 1750
3120; 1750
3121; 1750
3122; 1750
3123; 1750
3124; 1750
3125; 1750
3126; 1750
3127; 1750
3128; 1750
3129; 1750
3130; 1750
3131; 1750
3132; 1750
3133; 1750
3134; 1750
3135; 1750
3136; 1750
3137; 1750
3138; 1750
3139; 1750
3140; 1750
3141; 1750
3142; 1750
3143; 1750
3144; 1750
3145; 1750
3146; 1750
3147; 1750
3148; 1750
3149; 1750
3150; 1750
3151; 1750
3152; 1750
3153; 1750
3154; 1750
3155; 1750
3156; 1750
3157; 1750
3158; 1750
3159; 1750
3160; 1750
3161; 1750
3162; 1750
3163; 1750
3164; 1750
3165; 1750
3166; 1750
3167; 1750
3168; 1750
3169; 1750
3170; 1750
3171; 1750
3172; 1750
3173; 1750
3174; 1750
3175; 1750
3176; 1750
3177; 1750
3178; 1750
3179; 1750
3180; 1750
3181; 1750
3182; 1750
3183; 1750
3184; 1750
3185; 1750
3186; 1750
3187; 1750
3188; 1750
3189; 1750
3190; 1750
3191; 1750
3192; 1750
3193; 1750
3194; 1750
3195; 1750
3196; 1750
3197; 1750
3198; 1750
3199; 1750
3200; 1750
3201; 1750
3202; 1750
3203; 1750
3204; 1750
3205; 1750
3206; 1750
3207; 1750
3208; 1750
3209; 1750
3210; 1750
3211; 1750
3212; 1750
3213; 1750
3214; 1750
3215; 1750
3216; 1750
3217; 1750
3218; 1750
3219; 1750
3220; 1750
3221; 1750
3222; 1750
3223; 1750
3224; 1750
3225; 1750
3226; 1750
3227; 1750
3228; 1750
3229; 1750
3230; 1750
3231; 1750
3232; 1750
3233; 1750
3234; 1750
3235; 1750
3236; 1750
3237; 1750
3238; 1750
3239; 1750
3240; 1750
3241; 1750
3242; 1750
3243; 1750
3244; 1750
3245; 1750
3246; 1750
3247; 1750
3248; 1750
3249; 1750
3250; 1750
3251; 1750
3252; 1750
3253; 1750
3254; 1750
3255; 1750
3256; 1750
3257; 1750
3258; 1750
3259; 1750
3260; 1750
3261; 1750
3262; 1750
3263; 1750
3264; 1750
3265; 1750
3266; 1750
3267; 1750
3268; 1750
3269; 1750
3270; 1750
3271; 1750
3272; 1750
3273; 1750
3274; 1750
3275; 1750
3276; 1750
3277; 1750
3278; 1750
3279; 1750
3280; 1750
3281; 1750
3282; 1750
3283; 1750
3284; 1750
3285; 1750
3286; 1750
3287; 1750
3288; 1750
3289; 1750
3290; 1750
3291; 1750
3292; 1750
3293; 1750
3294; 1750
3295; 1750
3296; 1750
3297; 1750
3298; 1750
3299; 1750
3300; 1750
3301; 1750
3302; 1750
3303; 1750
3304; 1750
3305; 1750
3306; 1750
3307; 1750
3308; 1750
3309; 1750
3310; 1750
3311; 1750
3312; 1750
3313; 1750
3314; 1750
3315; 1750
3316; 1750
3317; 1750
3318; 1750
3319; 1750
3320; 1750
3321; 1750
3322; 1750
3323; 1750
3324; 1750
3325; 1750
3326; 1750
3327; 1750
3328; 1750
3329; 1750
3330; 1750
3331; 1750
3332; 1750
3333; 1750
3334; 1750
3335; 1750
3336; 1750
3337; 1750
3338; 1750
3339; 1750
3340; 1750
3341; 1750
3342; 1751
3343; 1751
3344; 1751
3345; 1751
3346; 1751
3347; 1751
3348; 1751
3349; 1751
3350; 1751
3351; 1751
3352; 1751
3353; 1751
3354; 1751
3355; 1751
3356; 1751
3357; 1751
3358; 1751
3359; 1751
3360; 1751
3361; 1751
3362; 1751
3363; 1751
3364; 1751
3365; 1751
3366; 1751
3367; 1751
3368; 1751
3369; 1751
3370; 1751
3371; 1751
3372; 1751
3373; 1751
3374; 1751
3375; 1751
3376; 1751
3377; 1751
3378; 1751
3379; 1751
3380; 1751
3381; 1751
3382; 1751
3383; 1751
3384; 1751
3385; 1751
3386; 1751
3387; 1751
3388; 1751
3389; 1751
3390; 1751
3391; 1751
3392; 1751
3393; 1751
3394; 1751
3395; 1751
3396; 1751
3397; 1751
3398; 1751
3399; 1751
3400; 1751
3401; 1751
3402; 1751
3403; 1751
3404; 1751
3405; 1751
3406; 1751
3407; 1751
3408; 1751
3409; 1751
3410; 1751
3411; 1751
3412; 1751
3413; 1751
3414; 1751
3415; 1751
3416; 1751
3417; 1751
3418; 1751
3419; 1751
3420; 1751
3421; 1751
3422; 1751
3423; 1751
3424; 1751
3425; 1751
3426; 1752
3427; 1752
3428; 1752
3429; 1752
3430; 1752
3431; 1752
3432; 1752
3433; 1752
3434; 1752
3435; 1752
3436; 1752
3437; 1752
3438; 1752
3439; 1752
3440; 1752
3441; 1752
3442; 1752
3443; 1752
3444; 1752
3445; 1752
3446; 1752
3447; 1752
3448; 1752
3449; 1752
3450; 1752
3451; 1752
3452; 1752
3453; 1752
3454; 1752
3455; 1752
3456; 1752
3457; 1752
3458; 1752
3459; 1752
3460; 1752
3461; 1752
3462; 1752
3463; 1752
3464; 1752
3465; 1752
3466; 1752
3467; 1752
3468; 1752
3469; 1752
3470; 1752
3471; 1752
3472; 1752
3473; 1752
3474; 1752
3475; 1752
3476; 1752
3477; 1752
3478; 1752
3479; 1752
3480; 1752
3481; 1752
3482; 1752
3483; 1752
3484; 1752
3485; 1752
3486; 1752
3487; 1752
3488; 1752
3489; 1752
3490; 1752
3491; 1752
3492; 1752
3493; 1752
3494; 1752
3495; 1752
3496; 1752
3497; 1752
3498; 1752
3499; 1752
3500; 1752
3501; 1752
3502; 1752
3503; 1752
3504; 1752
3505; 1752
3506; 1752
3507; 1752
3508; 1752
3509; 1752
3510; 1752
3511; 1752
3512; 1752
3513; 1752
3514; 1752
3515; 1752
3516; 1752
3517; 1752
3518; 1752
3519; 1752
3520; 1752
3521; 1752
3522; 1752
3523; 1752
3524; 1752
3525; 1752
3526; 1752
3527; 1752
3528; 1752
3529; 1752
3530; 1752
3531; 1752
3532; 1752
3533; 1752
3534; 1752
3535; 1752
3536; 1752
3537; 1752
3538; 1752
3539; 1752
3540; 1752
3541; 1752
3542; 1752
3543; 1752
3544; 1752
3545; 1752
3546; 1752
3547; 1752
3548; 1752
3549; 1752
3550; 1752
3551; 1752
3552; 1752
3553; 1752
3554; 1752
3555; 1752
3556; 1752
3557; 1752
3558; 1752
3559; 1752
3560; 1752
3561; 1752
3562; 1752
3563; 1752
3564; 1752
3565; 1752
3566; 1752
3567; 1752
3568; 1752
3569; 1752
3570; 1752
3571; 1752
3572; 1752
3573; 1752
3574; 1752
3575; 1752
3576; 1752
3577; 1752
3578; 1752
3579; 1752
3580; 1752
3581; 1752
3582; 1752
3583; 1752
3584; 1752
3585; 1752
3586; 1752
3587; 1752
3588; 1752
3589; 1752
3590; 1752
3591; 1752
3592; 1752
3593; 1752
3594; 1752
3595; 1752
3596; 1752
3597; 1752
3598; 1752
3599; 1752
3600; 1752
3601; 1752
3602; 1752
3603; 1752
3604; 1752
3605; 1752
3606; 1752
3607; 1752
3608; 1752
3609; 1752
3610; 1752
3611; 1752
3612; 1752
3613; 1752
3614; 1752
3615; 1752
3616; 1752
3617; 1752
3618; 1752
3619; 1752
3620; 1752
3621; 1752
3622; 1752
3623; 1752
3624; 1752
3625; 1752
3626; 1752
3627; 1752
3628; 1752
3629; 1752
3630; 1752
3631; 1752
3632; 1752
3633; 1752
3634; 1752
3635; 1752
3636; 1752
3637; 1752
3638; 1752
3639; 1752
3640; 1752
3641; 1752
3642; 1752
3643; 1752
3644; 1752
3645; 1752
3646; 1752
3647; 1752
3648; 1752
3649; 1752
3650; 1752
3651; 1752
3652; 1752
3653; 1752
3654; 1752
3655; 1753
3656; 1755
